{"cameraMode":{"drawMode":0,"name":"Shaded","section":"Shading Mode"},"sceneLighting":false,"audioPlay":false,"sceneViewState":{"m_AlwaysRefresh":false,"showFog":true,"showSkybox":false,"showFlares":true,"showImageEffects":true,"showParticleSystems":true,"showVisualEffectGraphs":true,"m_FxEnabled":true},"in2DMode":false,"pivot":{"x":-3.073969841003418,"y":0.3035888075828552,"z":1.2535582780838013},"rotation":{"x":0.07664106786251068,"y":-0.6244050860404968,"z":0.061472080647945407,"w":0.7750709056854248},"size":4.507394790649414,"orthographic":false}