{"playerScore":1,"player_x":-11.252396583557129,"player_z":3.581068277359009,"enemyScore":1,"enemy_x":17.256515502929689,"enemy_z":21.598478317260743,"spawnIndex":2,"spawnEnd":false,"chk":true}