{"playerScore":4,"player_x":-21.03510284423828,"player_z":-8.277830123901368,"enemyScore":4,"enemy_x":16.166667938232423,"enemy_z":2.6190061569213869,"spawnIndex":7,"spawnEnd":true,"chk":true}