{"cameraMode":{"drawMode":0,"name":"Shaded","section":"Shading Mode"},"sceneLighting":true,"audioPlay":false,"sceneViewState":{"m_AlwaysRefresh":false,"showFog":true,"showSkybox":true,"showFlares":true,"showImageEffects":true,"showParticleSystems":true,"showVisualEffectGraphs":true,"m_FxEnabled":true},"in2DMode":false,"pivot":{"x":38.22734451293945,"y":-18.452133178710939,"z":-41.843292236328128},"rotation":{"x":0.5797027945518494,"y":-0.034145623445510867,"z":0.02411186508834362,"w":0.8139044046401978},"size":39.84916687011719,"orthographic":false}