{"cameraMode":{"drawMode":0,"name":"Shaded","section":"Shading Mode"},"sceneLighting":false,"audioPlay":false,"sceneViewState":{"m_AlwaysRefresh":false,"showFog":false,"showSkybox":false,"showFlares":false,"showImageEffects":false,"showParticleSystems":false,"showVisualEffectGraphs":true,"m_FxEnabled":true},"in2DMode":false,"pivot":{"x":-0.00005120038986206055,"y":0.840267539024353,"z":-0.008382365107536316},"rotation":{"x":0.03402914106845856,"y":0.09521697461605072,"z":0.003255039919167757,"w":-0.9948779940605164},"size":1.350161075592041,"orthographic":false}