{"cameraMode":{"drawMode":0,"name":"Shaded","section":"Shading Mode"},"sceneLighting":false,"audioPlay":false,"sceneViewState":{"m_AlwaysRefresh":false,"showFog":false,"showSkybox":false,"showFlares":false,"showImageEffects":false,"showParticleSystems":false,"showVisualEffectGraphs":true,"m_FxEnabled":true},"in2DMode":false,"pivot":{"x":0.0000635981559753418,"y":0.82057124376297,"z":0.03005274385213852},"rotation":{"x":0.10957715660333634,"y":-0.014913755469024182,"z":0.0016443743370473385,"w":0.9938692450523377},"size":1.3302538394927979,"orthographic":false}